Year,CO2_sequestration 
-1,0
0,0
1,11669.01661
2,1501.558184
3,1483.026512
4,1448.443261
5,987.1115153
6,967.4066712
7,957.7326045
8,948.1552784
9,802.3082873
10,792.3673313
11,2260.395472
12,2143.929471
13,2067.267827
14,2029.838903
15,1993.119392
